{"cameraMode":{"drawMode":0,"name":"Shaded","section":"Shading Mode"},"sceneLighting":false,"audioPlay":false,"sceneViewState":{"m_AlwaysRefresh":false,"showFog":true,"showSkybox":false,"showFlares":true,"showImageEffects":true,"showParticleSystems":true,"showVisualEffectGraphs":true,"m_FxEnabled":true},"in2DMode":false,"pivot":{"x":-0.28583064675331118,"y":-1.0940654277801514,"z":3.3845345973968508},"rotation":{"x":0.27895140647888186,"y":-0.24156129360198975,"z":0.07274559885263443,"w":0.9266955256462097},"size":1.5540130138397217,"orthographic":false}